AMST;MERR 401
AMST;CHAP 210
ANTH;SMUD 205
ANTH;JOCH 21
ANTH;MERR 4
ANTH;CHAP 205
ANTH;CONV 304
ANTH;ESNH 107
ANTH;MERR 401
ANTH;WEBS 220
ARAB;CHAP 103
ARAB;WEBS 219
ARHA;FAYE 101
ARHA;FAYE 205
ARHA;FAYE 1
ARHA;SMUD 116
ARHA;FAYE 17B
ARHA;FAYE 201
ARHA;FAYE 117
ARHA;FAYE 113
ARHA;FAYE 217A
ARHA;SMUD 002
ASLC;MEAD 115
ASLC;CONV 304
ASLC;CHAP 204
ASLC;WEBS 220
ASLC;CHAP 205
ASLC;CHAP 203
ASLC;FAYE 117
ASLC;CHAP 210
ASLC;ESNH 107
ASLC;CONV 209
ASLC;WEBS 217
BIOL;MEAD 115
BIOL;MCLS 234
BIOL;MERR 220
BIOL;MCLS 336
BIOL;MERR 131
BIOL;MCLS 432
BIOL;ESNH 107
BIOL;MERR 401
BIOL;MERR 4
BIOL;MERR 404
BIOL;MERR 315
BIOL;MCLS 146
BIOL;FAYE 115
BIOL;MERR 403
BIOL;MCLS 428
BIOL;MCLS 230
BLST;WEBS 217
BLST;MERR 4
BLST;CLAR 100
BLST;CHAP 201
BLST;CHAP 101
BLST;COOP 101
BLST;CONV 207
BLST;MCLS 230
BLST;ARMU 212
BLST;JOCH 21
BLST;FAYE 217A
CHEM;MERR 314
CHEM;MERR 131
CHEM;MERR 403
CHEM;MERR 425
CHEM;MERR 315
CHEM;MERR 2
CHEM;MERR 220
CHEM;MERR 426
CHEM;MERR 401
CHEM;MERR 1
CHEM;MERR 421
CHEM;MERR 4
CHEM;MERR 404
CHEM;MERR 419
CHIN;WEBS 103
CHIN;WEBS 217
CHIN;CHAP 210
CHIN;SMUD 202
COSC;SMUD 206
COSC;SMUD 014
COSC;SMUD 207
COSC;SMUD 205
COSC;SMUD 204
COSC;SMUD 202
ECON;SMUD 206
ECON;MERR 1
ECON;CONV 207
ECON;CHAP 201
ECON;MERR 4
ECON;MERR 3
ECON;ESNH 107
ECON;JOCH 21
ECON;SMUD 207
ECON;CONV 304
ECON;CONV 308
ECON;CONV  108
ECON;CONV 302
ENGL;WEBS 215
ENGL;CHAP 204
ENGL;MERR 4
ENGL;CONV 209
ENGL;CHAP 101
ENGL;CHAP 203
ENGL;WEBS 220
ENGL;JOCH 21
ENGL;BARR 102
ENGL;CONV 208
ENGL;OCTA 201
ENGL;MERR 315
ENGL;CONV 108
ENGL;CONV 207
ENGL;COOP 101
ENGL;MORG 101
ENGL;MERR 131
ENGL;WEBS 117
ENGL;CHAP 210
ENGL;CONV 302
ENST;MERR 403
ENST;SMUD 207
ENST;SMUD 014
ENST;MCLS 230
EUST;WEBS 219
EUST;FAYE 117
EUST;CONV 209
EUST;CONV 108
EUST;SMUD 116
EUST;CONV 302
FREN;CHAP 119
FREN;CONV 304
FREN;CHAP 103
FREN;CHAP 204
FREN;BARR 105
FREN;CHAP 210
FREN;CHAP 203
FREN;FAYE 217A
FREN;CHAP 205
FREN;CHAP 201
GEOL;ESNH 103
GEOL;ESNH 107
GEOL;ESNH 203
GEOL;ESNH 303
GEOL;ESNH 311
GERM;CHAP 119
GERM;CONV 302
GERM;CHAP 210
GREE;CHAP 204
GREE;MCLS 428
HIST;CHAP 103
HIST;BARR 102
HIST;CHAP 203
HIST;FAYE 117
HIST;CONV 108
HIST;CHAP 101
HIST;CHAP 201
HIST;MERR 403
HIST;MERR 3
HIST;CONV 207
HIST;CONV 209
HIST;CONV 308
HIST;WEBS 217
JAPA;WEBS 101
LATI;CHAP 204
LATI;MCLS 428
LJST;FAYE 113
LJST;WEBS 217
LJST;CHAP 201
LJST;CONV 209
LJST;CONV 302
LJST;CLAR 100
LJST;OCTA 201
MATH;SMUD 205
MATH;SMUD 204
MATH;SMUD 207
MATH;SMUD 014
MATH;SMUD 206
MATH;SMUD 203
MUSI;ARMU 212
MUSI;ARMU 102
MUSI;ARMU 7
MUSI;ARMU 217
NEUR;MCLS 145
NEUR;MERR 3
PHIL;WEBS 217
PHIL;ESNH 107
PHIL;BARR 102
PHIL;CHAP 101
PHIL;CONV 304
PHIL;COOP 201
PHYS;MERR 3
PHYS;MERR 1
PHYS;MERR 200
PHYS;MERR 208
PHYS;MERR 211
PHYS;MERR 204
POSC;FAYE 115
POSC;CHAP 201
POSC;CONV 209
POSC;MERR 2
POSC;ESNH 107
POSC;CLAR 100
POSC;CONV 302
POSC;FAYE 113
POSC;FAYE 217A
POSC;COOP 101
PSYC;MERR 4
PSYC;MERR 131
PSYC;MERR 3
PSYC;MCLS 145
PSYC;MERR 315
PSYC;MCLS 428
RELI;CHAP 103
RELI;CHAP 204
RELI;FAYE 217A
RELI;WEBS 220
RELI;CHAP 210
RELI;CHAP 101
RELI;CLAR 100
RELI;OCTA 201
RUSS;BARR 105
RUSS;WEBS 219
RUSS;WEBS 215
RUSS;WEBS 219
RUSS;CHAP 103
RUSS;CONV 108
RUSS;MERR 401
RUSS;FAYE 117
SOCI;MERR 315
SOCI;CONV 308
SOCI;CHAP 101
SOCI;FAYE 117
SOCI;CHAP 203
SPAN;BARR 102
SPAN;BARR 105
SPAN;MERR 314
SPAN;CHAP 205
SPAN;CHAP 203
SPAN;FAYE 113
SPAN;CHAP 210
SPAN;ESNH 107
THDA;WEBS 217
THDA;WEBS 117
THDA;WEBS 19
THDA;WEBS 122
THDA;SMUD 002
THDA;WEBS 8
WAGS;CLAR 100
WAGS;MERR 315
WAGS;CONV 209
WAGS;CHAP 204
WAGS;FAYE 115
WAGS;CHAP 201
WAGS;FAYE 217A
